"scheme_id","unit_id","keyword"
"E7","N5","Cancel"
"E7","N5","Factor"
"E7","N5","Direct proportion"
"E7","N5","Origin"
"E7","N5","Equation"
"E7","S2","Survey"
"E7","S2","Leading question"
"E7","S2","Data collection sheet"
"E7","S2","Questionnaire"
"E7","S2","Primary data"
"E7","S2","Secondary data"
"E7","S2","Experiment"
"E7","S2","Outcome"
"E7","S2","Trial "
"E7","S2","Experimental data"
"E7","S2","Equally likely"
"E7","S2","Theoretical probability"
"E7","S2","Experimental probability "
"E7","S2","Random"
"E7","GM5","Rotate"
"E7","GM5","Maps to "
"E7","GM5","Order of rotation symmetry"
"E7","GM5","Reflection"
"E7","GM5","Line symmetry"
"E7","GM5","Translation"
"E7","GM5","Translation vector"
"E7","GM5","Problem solving"
"E7","GM5","Explain"
"E7","S3","Compare"
"E7","S3","Proportion"
"E7","S3","Average"
"E7","S3","Mean"
"E7","S3","Median"
"E7","S3","Mode"
"E7","S3","Range"
"E7","S3","Primary data"
"E7","S3","Secondary data"
"E7","S3","Questionnaire"
"E7","S3","Experiment"
"E7","S3","Organise"
"E7","S3","Present "
"E7","S3","Interpret"
"E7","N4","Fraction"
"E7","N4","Percentage"
"E7","N4","VAT"
"E7","N4","Numerator"
"E7","N4","Denominator"
"E7","N4","Equivalent fraction"
"E7","N4","Improper fraction"
"E7","N4","Mixed number"
"E7","N4","Lowest common denominator"
"E7","N4","Proportion"
"E7","N4","Ratio"
"E7","GM4","Reflected"
"E7","GM4","Object"
"E7","GM4","Image"
"E7","GM4","Reflection"
"E7","GM4","Perpendicular"
"E7","GM4","Maps to"
"E7","GM4","Translation"
"E7","GM4","Vector"
"E7","GM4","Rotation"
"E7","GM4","Clockwise"
"E7","GM4","Anti-clockwise"
"E7","GM4","Centre of rotation"
"E7","GM4","Transformation"
"E7","A5","Expression"
"E7","A5","Formula"
"E7","A5","Distance-time graph"
"E7","A5","Speed-time graph"
"E7","A5","Equation"
"E7","A5","Solve"
"E7","A5","Simplify"
"E7","A4","Equation of a line"
"E7","A4","Coordinates"
"E7","A4","Graph"
"E7","A4","Equation"
"E7","A3","Expression"
"E7","A3","Inverse"
"E7","A3","Simplify"
"E7","A3","Equation"
"E7","A3","Solve "
"E7","A3","Solution"
"E7","A3","Eliminate"
"E7","A3","Like terms"
"E7","A3","Expand"
"E7","A3","Mapping diagram"
"E7","A3","Input"
"E7","A3","Output"
"E7","A3","Maps to"
"E7","S1","Average "
"E7","S1","Data"
"E7","S1","Mode"
"E7","S1","Modal value"
"E7","S1","Class"
"E7","S1","Modal class"
"E7","S1","Tally "
"E7","S1","Frequency"
"E7","S1","Median"
"E7","S1","Mean "
"E7","S1","Frequency table"
"E7","S1","Range"
"E7","S1","Outcome "
"E7","S1","Chance"
"E7","S1","Likely"
"E7","S1","Even chance"
"E7","S1","Unlikely "
"E7","S1","Likelihood"
"E7","S1","Probability scale"
"E7","S1","Impossible"
"E7","S1","Certain "
"E7","S1","Fair"
"E7","S1","At random"
"E7","S1","Event"
"E7","S1","Equally likely"
"E7","S1","Probability"
"E7","S1","Pictogram"
"E7","S1","Bar chart"
"E7","S1","Bar-line graph"
"E7","S1","Compound bar chart"
"E7","S1","Discrete data"
"E7","S1","Frequency "
"E7","S1","Frequency diagram"
"E7","S1","Grouped discrete data"
"E7","S1","Class interval "
"E7","S1","Pie chart"
"E7","S1","Line graph"
"E7","N3","Partition"
"E7","N3","Divisible"
"E7","N3","Multiple "
"E7","N3","Divisibility"
"E7","N3","Inverse operation"
"E7","N3","Remainder"
"E7","N3","Estimate"
"E7","N3","Estimation"
"E7","GM2","Right angle"
"E7","GM2","Acute angle"
"E7","GM2","Obtuse angle"
"E7","GM2","Reflex angle"
"E7","GM2","Perpendicular"
"E7","GM2","Internal angle"
"E7","GM2","Isosceles triangle"
"E7","GM2","Parallel"
"E7","GM2","Horizontal"
"E7","GM2","Vertical "
"E7","GM2","Perpendicular"
"E7","GM2","Quadrilateral"
"E7","GM2","Parallelogram"
"E7","GM2","Rectangle"
"E7","GM2","Square"
"E7","GM2","Trapezium"
"E7","GM2","Rhombus"
"E7","GM2","Kite"
"E7","GM2","Arrowhead (delta)"
"E7","GM2","Line symmetry"
"E7","GM2","Line of symmetry"
"E7","GM2","Mirror line"
"E7","GM2","Symmetrical"
"E7","GM2","Quadrant"
"E7","GM2","Coordinates"
"E7","N2","Operation"
"E7","N2","Numerator"
"E7","N2","Denominator"
"E7","N2","Common denominator"
"E7","N2","Equivalent fraction"
"E7","N2","Cancelling "
"E7","N2","Lowest terms"
"E7","N2","Proper fraction"
"E7","N2","Improper fraction "
"E7","N2","Mixed number"
"E7","N2","Approximately equal to ()"
"E7","N2","Estimate"
"E7","N2","Percent "
"E7","N2","Percentage"
"E7","A2","Expression"
"E7","A2","Term"
"E7","A2","Like terms"
"E7","A2","Formula"
"E7","A2","Equation"
"E7","A2","Inverse operations"
"E7","A2","Solve"
"E7","N1","Decimal number"
"E7","N1","Fraction"
"E7","N1","Number line"
"E7","N1","Compare"
"E7","N1","Greater than (&gt;)"
"E7","N1","Less than (&lt;)"
"E7","N1","Greater than or equal to ()"
"E7","N1","Less than or equal to ()"
"E7","N1","Round "
"E7","N1","Decimal place "
"E7","N1","Greatest value"
"E7","N1","Least value"
"E7","N1","Multiple"
"E7","N1","Common multiple"
"E7","N1","Lowest common multiple (LCM)"
"E7","N1","Counter-example"
"E7","N1","Factor"
"E7","N1","Common factor"
"E7","N1","Highest common factor (HCF)"
"E7","N1","Prime number"
"E7","N1","Product"
"E7","N1","Prime factor"
"E7","N1","Negative"
"E7","N1","Positive"
"E7","N1","Number line"
"E7","N1","Integer"
"E7","N1","Greater than (&gt;)"
"E7","N1","Less than (&lt;)"
"E7","N1","Sum"
"E7","N1","Difference"
"E7","N1","Square number"
"E7","N1","Consecutive"
"E7","N1","Square root ()"
"E7","GM3","Capacity"
"E7","GM3","Litre"
"E7","GM3","Millilitre (ml)"
"E7","GM3","Centilitre (cl)"
"E7","GM3","Mass"
"E7","GM3","Kilogram (kg)"
"E7","GM3","Gram (g)"
"E7","GM3","Solid "
"E7","GM3","Net "
"E7","GM3","Cube "
"E7","GM3","Face"
"E7","GM3","Vertex (vertices)"
"E7","GM3","Edge"
"E7","GM3","Cuboid"
"E7","GM3","Surface area"
"E7","GM3","Prism"
"E7","GM3","Cross-section"
"E7","GM3","Square based pyramid"
"E7","GM3","Tetrahedron"
"E7","GM3","Equilateral"
"E7","GM3","Isosceles"
"E7","GM3","Scalene"
"E7","GM3","Acute-angled"
"E7","GM3","Right-angled"
"E7","GM3","Obtuse-angled"
"E7","GM3","Included angle"
"E7","GM3","Side-angle-side (SAS)"
"E7","GM3","Construct "
"E7","GM3","Angle-side-angle (ASA)"
"E7","GM3","Sketch"
"E7","GM3","Construction lines"
"E7","GM3","Side-side-side (SSS)"
"E7","GM3","Two-dimensional (2-D)"
"E7","GM3","Three-dimensional (3-D)"
"E7","GM3","Isometric paper"
"E7","GM1","Units"
"E7","GM1","Length"
"E7","GM1","Estimate"
"E7","GM1","Perimeter"
"E7","GM1","Area"
"E7","GM1","Square units (mm2, cm2, m2, km2)"
"E7","GM1","Perpendicular"
"E7","GM1","Estimate"
"E7","A1","Sequence"
"E7","A1","Term"
"E7","A1","Consecutive"
"E7","A1","Increasing sequence"
"E7","A1","Decreasing sequence"
"E7","A1","Finite sequence"
"E7","A1","Infinite sequence"
"E7","A1","Term-to-term rule"
"E7","A1","Position-to-term rule"
"E7","A1","nth term"
"E7","A1","Function machine"
"E7","A1","Input"
"E7","A1","Output "
"E7","A1","Maps to"
"E7","A1","Inverse "
"E7","A1","Mapping diagram"
"E8","S2","Quantitative"
"E8","S2","Qualitative"
"E8","S2","Discrete"
"E8","S2","Continuous"
"E8","S2","Variable"
"E8","S2","Hypothesis"
"E8","S2","Primary source"
"E8","S2","Secondary source"
"E8","S2","Survey"
"E8","S2","Population"
"E8","S2","Sample"
"E8","S2","Random sample"
"E8","S2","Grouped frequency table"
"E8","S2","Two-way grouped frequency table"
"E8","S2","Pie chart"
"E8","S2","Bar chart"
"E8","S2","Discrete data"
"E8","S2","Frequency diagram"
"E8","S2","Continuous data"
"E8","S2","Line graph"
"E8","S2","Scatter graph"
"E8","S2","Correlation"
"E8","S2","Line of best fit"
"E8","S2","Range"
"E8","S2","Mode"
"E8","S2","Mean"
"E8","S2","Median"
"E8","S2","Average"
"E8","S2","Bar chart"
"E8","S2","Stem and leaf diagram"
"E8","S2","Justify"
"E8","S2","Interpret"
"E8","S3","Continuous data"
"E8","S3","Grouped "
"E8","S3","Class interval"
"E8","S3","Mode"
"E8","S3","Median"
"E8","S3","Mean"
"E8","S3","Range"
"E8","S3","Continuous data"
"E8","S3","Line graph"
"E8","S3","Range"
"E8","S3","Mean"
"E8","S3","Median"
"E8","S3","Mode"
"E8","S3","Grouped continuous data"
"E8","S3","Class interval"
"E8","S3","Mid-interval"
"E8","S3","Modal class"
"E8","N4","Operations"
"E8","N4","BIDMAS"
"E8","N4","Indices (powers)"
"E8","N4","Fraction"
"E8","N4","Ratio"
"E8","N4","Proportion"
"E8","N4","Simplify"
"E8","N4","Scale"
"E8","N4","Unitary method"
"E8","N4","Estimate"
"E8","N4","Ratio"
"E8","N4","Directly proportional"
"E8","GM4","Scale drawing"
"E8","GM4","Ratio"
"E8","GM4","Square units"
"E8","GM4","Locus, loci"
"E8","GM4","Line"
"E8","GM4","Region"
"E8","GM4","Perpendicular bisector"
"E8","GM4","Equidistant"
"E8","GM4","Triangle"
"E8","GM4","Construct"
"E8","GM4","Quadrilateral"
"E8","GM4","Bearing"
"E8","GM4","Three-figure bearing"
"E8","A4","Simplify"
"E8","A4","Collect like terms"
"E8","A4","Expanding the brackets"
"E8","A4","Factorise"
"E8","A4","Distancetime graph"
"E8","A4","Constant speed"
"E8","A4","Interpret"
"E8","A3","Function machine"
"E8","A3","Input"
"E8","A3","Output"
"E8","A3","Linear function"
"E8","A3","Inverse function"
"E8","A3","Linear function"
"E8","A3","Gradient"
"E8","A3","Equation of a line"
"E8","A3","y-intercept"
"E8","A3","Function machine"
"E8","A3","Function"
"E8","A3","Mapping diagram"
"E8","A3","Linear function"
"E8","S1","Outcome"
"E8","S1","Event"
"E8","S1","Random"
"E8","S1","Biased"
"E8","S1","Probability"
"E8","S1","Even chance"
"E8","S1","Sample space"
"E8","S1","Theoretical probability"
"E8","S1","Relative frequency"
"E8","S1","Experimental probability"
"E8","S1","Trial"
"E8","S1","Probability"
"E8","S1","Sample space"
"E8","S1","Sample space diagram"
"E8","N3","Power of 10"
"E8","N3","Equivalent"
"E8","N3","Rounding"
"E8","N3","Decimal places"
"E8","N3","Remainder"
"E8","N3","Improper fraction"
"E8","N3","Square number"
"E8","N3","Estimate"
"E8","N3","Square root"
"E8","N3","Units of time"
"E8","N3","Rounded values"
"E8","GM2","Area"
"E8","GM2","Parallelogram"
"E8","GM2","Trapezium"
"E8","GM2","Compound shape"
"E8","GM2","Square units"
"E8","GM2","Plan"
"E8","GM2","Elevation"
"E8","GM2","Net"
"E8","GM2","Volume"
"E8","GM2","Cubic centimetre (cm3)"
"E8","GM2","Cubic metre (m3)"
"E8","GM2","Cubic millimetre (mm3)"
"E8","GM2","Surface area"
"E8","GM2","Prism"
"E8","GM2","Cross-section"
"E8","GM2","Cubic units"
"E8","GM2","Metric units"
"E8","GM2","Length"
"E8","GM2","Mass"
"E8","GM2","Tonne"
"E8","GM2","Area"
"E8","GM2","Hectare (ha)"
"E8","GM2","Capacity "
"E8","GM2","Volume"
"E8","GM2","Imperial units"
"E8","GM2","Mile"
"E8","GM2","Yard"
"E8","GM2","Foot "
"E8","GM2","Inch"
"E8","GM2","Pound (lb)"
"E8","GM2","Ounce (oz)"
"E8","GM2","Gallon"
"E8","GM2","Pint"
"E8","N2","Lowest terms"
"E8","N2","Equivalent fraction"
"E8","N2","Improper fraction"
"E8","N2","Terminating decimal"
"E8","N2","Recurring decimal"
"E8","N2","Common denominator"
"E8","N2","Percentage"
"E8","N2","Interest"
"E8","N2","Denominator"
"E8","N2","Numerator"
"E8","N2","Common denominator"
"E8","N2","Factor"
"E8","N2","Cancel"
"E8","N2","Reciprocal"
"E8","N2","Value added tax (VAT)"
"E8","N2","Product"
"E8","N2","Factors"
"E8","N2","Digital root"
"E8","A2","Simplify"
"E8","A2","Expression"
"E8","A2","Like terms"
"E8","A2","Expanding the brackets"
"E8","A2","Index notation"
"E8","A2","Index, indices"
"E8","A2","Power"
"E8","A2","BIDMAS"
"E8","A2","Formula"
"E8","A2","Variables"
"E8","A2","Substitute"
"E8","A2","Equation"
"E8","A2","Solve"
"E8","A2","Rearrange"
"E8","A2","Inverse operation "
"E8","A2","Eliminate"
"E8","N1","Positive"
"E8","N1","Negative"
"E8","N1","Inverse"
"E8","N1","Multiple"
"E8","N1","Lowest common multiple (LCM)"
"E8","N1","Factor"
"E8","N1","Highest common factor (HCF)"
"E8","N1","Prime number"
"E8","N1","Factor tree"
"E8","N1","Prime factor"
"E8","N1","Product"
"E8","N1","Square"
"E8","N1","Square root ()"
"E8","N1","Inverse"
"E8","N1","Power"
"E8","N1","Cubed"
"E8","N1","Cube number"
"E8","N1","Cube root (3)"
"E8","GM3","Congruent"
"E8","GM3","Enlargement"
"E8","GM3","Transformation"
"E8","GM3","Centre of enlargement"
"E8","GM3","Scale factor"
"E8","GM3","Negative enlargement"
"E8","GM3","Transformation"
"E8","GM3","Object"
"E8","GM3","Image"
"E8","GM3","Reflection"
"E8","GM3","Mirror line"
"E8","GM3","Axis of reflection"
"E8","GM3","Rotation"
"E8","GM3","Centre of rotation"
"E8","GM3","Translation"
"E8","GM3","Vector"
"E8","GM3","Equivalent transformation"
"E8","GM3","Reflection symmetry"
"E8","GM3","Line of symmetry"
"E8","GM3","Rotation symmetry"
"E8","GM3","Order of rotation symmetry"
"E8","GM3","Plane of symmetry"
"E8","GM1","Angles on a straight line"
"E8","GM1","Complementary angles"
"E8","GM1","Supplementary angles"
"E8","GM1","Intersect"
"E8","GM1","Vertically opposite angles"
"E8","GM1","Transversal "
"E8","GM1","Alternate angles"
"E8","GM1","Corresponding angles"
"E8","GM1","Exterior angle"
"E8","GM1","Interior opposite angles"
"E8","GM1","Interior angles"
"E8","GM1","Polygon"
"E8","GM1","Perpendicular bisector"
"E8","GM1","Construct"
"E8","GM1","Equidistant"
"E8","GM1","Bisector of an angle"
"E8","GM1","Perpendicular"
"E8","GM1","Right-angled triangle"
"E8","GM1","Polygon"
"E8","GM1","Classify"
"E8","GM1","Line segment"
"E8","GM1","Midpoint"
"E8","GM1","Circumference"
"E8","GM1","Diameter"
"E8","GM1","Semicircle"
"E8","GM1","Radius, radii"
"E8","GM1","Sector"
"E8","GM1","Chord"
"E8","GM1","Arc"
"E8","GM1","Segment"
"E8","A1","Sequence"
"E8","A1","Term"
"E8","A1","Position "
"E8","A1","Term-to-term rule"
"E8","A1","Constant"
"E8","A1","Common difference, d"
"E8","A1","Arithmetic sequence"
"E8","A1","Fibonacci sequence"
"E8","A1","Position-to-term rule"
"E8","A1","Arithmetic sequence"
"E8","A1","nth term"
"E8","A1","Expression"
"C7","N5","Integer"
"C7","N5","Cancel"
"C7","N5","Numerator "
"C7","N5","Denominator"
"C7","N5","Common factor"
"C7","N5","Ratio"
"C7","N5","Direct proportion"
"C7","S2","Survey"
"C7","S2","Questionnaire"
"C7","S2","Data collection sheet"
"C7","S2","Primary data"
"C7","S2","Secondary data"
"C7","S2","Experiment "
"C7","S2","Outcome"
"C7","S2","Trial"
"C7","S2","Experimental data"
"C7","S2","Equally likely"
"C7","S2","Probability"
"C7","S2","Percentage"
"C7","GM5","Rotation"
"C7","GM5","Order of rotational symmetry"
"C7","GM5","Regular polygon"
"C7","GM5","Reflection"
"C7","GM5","Line symmetry"
"C7","GM5","Translation"
"C7","GM5","Problem solving "
"C7","GM5","Explain"
"C7","S3","Compare"
"C7","S3","Proportion"
"C7","S3","Average"
"C7","S3","Mean "
"C7","S3","Median"
"C7","S3","Mode "
"C7","S3","Range"
"C7","S3","Primary data"
"C7","S3","Secondary data"
"C7","S3","Questionnaire"
"C7","S3","Experiment"
"C7","S3","Organise"
"C7","S3","Present"
"C7","S3","Interpret"
"C7","N4","Fraction"
"C7","N4","Percentage"
"C7","N4","Denominator"
"C7","N4","Numerator"
"C7","N4","Mixed number"
"C7","N4","Equivalent fraction"
"C7","N4","Proportion"
"C7","N4","Ratio"
"C7","GM4","Reflected"
"C7","GM4","Image"
"C7","GM4","Reflection"
"C7","GM4","Perpendicular"
"C7","GM4","Maps to"
"C7","GM4","Translation"
"C7","GM4","Maps to"
"C7","GM4","Rotation"
"C7","GM4","Clockwise"
"C7","GM4","Anticlockwise"
"C7","GM4","Centre of rotation"
"C7","A5","Expression"
"C7","A5","Formula"
"C7","A5","Distance-time graph"
"C7","A5","Speed-time graph"
"C7","A5","Equation"
"C7","A4","Equation of a line"
"C7","A4","Graph"
"C7","A4","Equation"
"C7","A3","Expression"
"C7","A3","Inverse"
"C7","A3","Mapping diagram"
"C7","A3","Input "
"C7","A3","Output"
"C7","A3","Maps to"
"C7","A3","Function machine"
"C7","S1","Average"
"C7","S1","Data"
"C7","S1","Mode "
"C7","S1","Modal class"
"C7","S1","Frequency "
"C7","S1","Median"
"C7","S1","Mean"
"C7","S1","Frequency table"
"C7","S1","Range"
"C7","S1","Outcome"
"C7","S1","Chance"
"C7","S1","Even chance"
"C7","S1","Likely"
"C7","S1","Unlikely  "
"C7","S1","Likelihood"
"C7","S1","Probability scale"
"C7","S1","Impossible"
"C7","S1","Certain"
"C7","S1","Fair "
"C7","S1","At random"
"C7","S1","Event"
"C7","S1","Equally likely"
"C7","S1","Probability"
"C7","S1","Pictogram"
"C7","S1","Bar chart"
"C7","S1","Bar-line graph"
"C7","S1","Compound bar chart"
"C7","S1","Discrete data"
"C7","S1","Grouped data"
"C7","S1","Frequency diagram"
"C7","S1","Class interval"
"C7","S1","Pie chart"
"C7","S1","Line graph"
"C7","N3","Partition"
"C7","N3","Divisible"
"C7","N3","Divisibility"
"C7","N3","Inverse operation"
"C7","N3","Remainder"
"C7","N3","Estimate"
"C7","GM2","Right angle"
"C7","GM2","Acute angle"
"C7","GM2","Obtuse angle"
"C7","GM2","Reflex angle"
"C7","GM2","Perpendicular "
"C7","GM2","Vertically opposite angles"
"C7","GM2","Isosceles triangle"
"C7","GM2","Parallel"
"C7","GM2","Perpendicular"
"C7","GM2","Quadrilateral"
"C7","GM2","Parallelogram"
"C7","GM2","Rectangle"
"C7","GM2","Square"
"C7","GM2","Trapezium"
"C7","GM2","Rhombus"
"C7","GM2","Kite"
"C7","GM2","Arrowhead (delta)"
"C7","GM2","Line symmetry"
"C7","GM2","Line of symmetry"
"C7","GM2","Mirror line"
"C7","GM2","Axis, axes"
"C7","GM2","Quadrants"
"C7","GM2","Coordinates"
"C7","GM2","Mid-point"
"C7","N2","Operation"
"C7","N2","Numerator"
"C7","N2","Denominator"
"C7","N2","Equivalent fractions "
"C7","N2","Cancel"
"C7","N2","Lowest terms"
"C7","N2","Simplest form"
"C7","N2","Common denominator"
"C7","N2","Proper fraction"
"C7","N2","Improper fraction "
"C7","N2","Mixed number"
"C7","N2","Estimate"
"C7","N2","Approximately equal to ()"
"C7","N2","Percentage"
"C7","N2","Percent"
"C7","A2","Expression"
"C7","A2","Term"
"C7","A2","Formula"
"C7","A2","Variable"
"C7","A2","Flow diagram"
"C7","A2","Solve"
"C7","A2","Equation"
"C7","A2","Solution"
"C7","N1","Decimal number"
"C7","N1","Fraction line"
"C7","N1","Compare"
"C7","N1","Greater than (&gt;)"
"C7","N1","Less than (&lt;)"
"C7","N1","Less than or equal to ()"
"C7","N1","Greater than or equal to ()"
"C7","N1","Round "
"C7","N1","One decimal place (1 d.p.)"
"C7","N1","Multiple"
"C7","N1","Common multiple"
"C7","N1","Lowest common multiple (LCM)"
"C7","N1","Counter-example"
"C7","N1","Factor"
"C7","N1","Factor pair"
"C7","N1","Common factor"
"C7","N1","Highest common factor (HCF)"
"C7","N1","Prime number"
"C7","N1","Prime factor"
"C7","N1","Product"
"C7","N1","Negative"
"C7","N1","Positive"
"C7","N1","Integer"
"C7","N1","Greater than (&gt;)"
"C7","N1","Less than (&lt;)"
"C7","N1","Sum"
"C7","N1","Difference"
"C7","N1","Square number"
"C7","N1","Square root ()"
"C7","N1","Triangular number"
"C7","GM3","Capacity"
"C7","GM3","Litre "
"C7","GM3","Millilitre (ml)"
"C7","GM3","Centilitre (cl)"
"C7","GM3","Mass"
"C7","GM3","Kilogram (kg)"
"C7","GM3","Gram (g)"
"C7","GM3","Net"
"C7","GM3","Cube "
"C7","GM3","Face"
"C7","GM3","Cuboid"
"C7","GM3","Surface area"
"C7","GM3","Vertex, vertices"
"C7","GM3","Edge"
"C7","GM3","Prism"
"C7","GM3","Cross-section"
"C7","GM3","Square-based pyramid"
"C7","GM3","Tetrahedron"
"C7","GM3","Equilateral"
"C7","GM3","Isosceles"
"C7","GM3","Scalene"
"C7","GM3","Acute-angled"
"C7","GM3","Right-angled"
"C7","GM3","Obtuse-angled"
"C7","GM3","SAS"
"C7","GM3","ASA"
"C7","GM3","Construct"
"C7","GM3","Protractor"
"C7","GM3","Two-dimesional, 2-D"
"C7","GM3","Cuboid"
"C7","GM3","Three-dimensional, 3-D"
"C7","GM3","Cone"
"C7","GM3","Cylinder "
"C7","GM3","Pyramid"
"C7","GM1","Perimeter"
"C7","GM1","Area (mm2, cm2, m2, km2)"
"C7","GM1","Estimate"
"C7","A1","Sequence"
"C7","A1","Term"
"C7","A1","Increasing sequence"
"C7","A1","Decreasing sequence"
"C7","A1","Consecutive"
"C7","A1","Finite sequence"
"C7","A1","Infinite sequence"
"C7","A1","Term-to-term rule"
"C7","A1","Position to term rule"
"C7","A1","nth rule"
"C7","A1","Function machine"
"C7","A1","Input"
"C7","A1","Output"
"C7","A1","Maps to"
"C7","A1","Algebra"
"C7","A1","Inverse"
"C7","A1","Mapping diagram"
"S9","S2","Primary data"
"S9","S2","Secondary data"
"S9","S2","Data collection sheet"
"S9","S2","Questionnaire"
"S9","S2","Bar chart"
"S9","S2","Pie chart"
"S9","S2","Dual bar chart"
"S9","S2","Two-way table"
"S9","S2","Scatter graph"
"S9","S2","Positive correlation"
"S9","S2","Negative correlation"
"S9","S2","No correlation"
"S9","S3","Probability"
"S9","S3","Event"
"S9","S3","Outcome"
"S9","S3","Experiment"
"S9","S3","Random"
"S9","S3","Sample space diagram"
"S9","S3","Probability"
"S9","S3","Event"
"S9","S3","Outcome"
"S9","S3","Bias"
"S9","S3","Experimental probability"
"S9","S3","Trial"
"S9","N4","Decimal point"
"S9","N4","Partition"
"S9","N4","Grid method"
"S9","N4","Divisor"
"S9","N4","Estimate"
"S9","N4","Round"
"S9","N4","Decimal place"
"S9","N4","Exchange rate"
"S9","GM4","Two-dimensional shape, 2-D"
"S9","GM4","Three-dimensional shape, 3-D"
"S9","GM4","Cuboid"
"S9","GM4","Face"
"S9","GM4","Edge"
"S9","GM4","Vertex, vertices"
"S9","GM4","Prism"
"S9","GM4","Cross-section"
"S9","GM4","Pyramid"
"S9","GM4","Tetrahedron"
"S9","GM4","Isometric"
"S9","GM4","Plan"
"S9","GM4","Elevation"
"S9","GM4","Net"
"S9","GM4","Surface area"
"S9","GM4","Volume"
"S9","GM4","Cubic units"
"S9","GM4","Metric"
"S9","GM4","Mass"
"S9","GM4","Capacity"
"S9","GM4","Imperial"
"S9","A4","Sequence"
"S9","A4","Term"
"S9","A4","Position"
"S9","A4","Term-to-term rule"
"S9","A4","Position-to-term rule"
"S9","A4","nth term"
"S9","A4","Conversion graphs"
"S9","A4","Distancetime graphs"
"S9","A4","Mapping"
"S9","A4","Mapping diagram"
"S9","A4","Coordinates"
"S9","A4","Equation of a line"
"S9","A4","Vertical"
"S9","A4","Horizontal"
"S9","A4","Intersect"
"S9","A3","Solving an equation"
"S9","A3","Inverse operations"
"S9","A3","Solution"
"S9","A3","Substitute"
"S9","A3","Simplify"
"S9","A3","Equation"
"S9","A3","Solve"
"S9","A3","Unknown"
"S9","A3","Solution"
"S9","A3","Substitute"
"S9","A3","Equation"
"S9","A3","Solve"
"S9","A3","Inverse operations"
"S9","A3","Solution"
"S9","S1","Population"
"S9","S1","Sample"
"S9","S1","Questionnaire"
"S9","S1","Unbiased"
"S9","S1","Data collection sheet"
"S9","S1","Class interval"
"S9","S1","Grouped frequency table"
"S9","S1","Pie chart"
"S9","S1","Sector"
"S9","S1","Scatter graph"
"S9","S1","Relationship"
"S9","S1","Correlation"
"S9","S1","Positive correlation"
"S9","S1","Negative correlation"
"S9","S1","No correlation"
"S9","S1","Line graph"
"S9","S1","Time series"
"S9","S1","Two-way table"
"S9","S1","Mode"
"S9","S1","Median"
"S9","S1","Mean"
"S9","S1","Range"
"S9","S1","Frequency table"
"S9","S1","Grouped frequency table"
"S9","S1","Modal class"
"S9","N3","Equivalent fractions"
"S9","N3","Common denominator"
"S9","N3","Bigger than &gt;"
"S9","N3","Smaller than &lt;"
"S9","N3","Cancel"
"S9","N3","Lowest terms"
"S9","N3","Percentage"
"S9","N3","Increase"
"S9","N3","Decrease"
"S9","N3","BIDMAS"
"S9","N3","Integer"
"S9","N3","Complement"
"S9","N3","Partition"
"S9","N3","Power"
"S9","N3","Index, indices"
"S9","N3","Square number"
"S9","N3","Square root"
"S9","N3","Inverse"
"S9","N3","Cube number"
"S9","N3","Cube root"
"S9","N3","Estimate"
"S9","N3","Ratio"
"S9","N3","Proportion"
"S9","N3","Fraction"
"S9","N3","Percentage"
"S9","N3","Simplify"
"S9","N3","Cancel"
"S9","N3","Direct proportion"
"S9","GM2","Congruent"
"S9","GM2","Tessellation"
"S9","GM2","Transformation"
"S9","GM2","Object"
"S9","GM2","Image"
"S9","GM2","Translation"
"S9","GM2","Column vector"
"S9","GM2","Reflection"
"S9","GM2","Perpendicular distance"
"S9","GM2","Coordinates"
"S9","GM2","Equation of a line"
"S9","GM2","Intersect"
"S9","GM2","Origin"
"S9","GM2","Rotation"
"S9","GM2","Vertex, vertices"
"S9","GM2","Construct"
"S9","GM2","Three-figure bearing"
"S9","GM2","Scale drawing"
"S9","GM2","Scale"
"S9","GM2","Ratio"
"S9","GM2","Enlargement"
"S9","GM2","Scale factor"
"S9","GM2","Object"
"S9","GM2","Image"
"S9","GM2","Centre of enlargement"
"S9","N2","Factor"
"S9","N2","Multiple"
"S9","N2","Prime number"
"S9","N2","Prime factor"
"S9","N2","Power"
"S9","N2","Index, indices"
"S9","N2","Index notation"
"S9","N2","Index laws"
"S9","N2","Highest common factor (HCF)"
"S9","N2","Lowest common multiple (LCM)"
"S9","N2","Invert"
"S9","N2","Equivalent fraction"
"S9","N2","Numerator"
"S9","N2","Denominator"
"S9","N2","Cancel"
"S9","N2","Lowest terms"
"S9","N2","Simplest form"
"S9","N2","Terminating decimal"
"S9","N2","Recurring decimal"
"S9","N2","Mixed number"
"S9","N2","Improper fraction"
"S9","N2","Common denominator"
"S9","A2","Input"
"S9","A2","Output"
"S9","A2","Operation"
"S9","A2","Inverse operation"
"S9","A2","Expression"
"S9","A2","Equation"
"S9","A2","Solve"
"S9","A2","Solution"
"S9","A2","Substitute"
"S9","A2","Expand"
"S9","A2","Variable"
"S9","A2","Formula, formulae"
"S9","A2","Substitute"
"S9","N1","Power of 10"
"S9","N1","Place value"
"S9","N1","Index, indices"
"S9","N1","Equivalent"
"S9","N1","Ascending order"
"S9","N1","Descending order"
"S9","N1","Less than (&lt;)"
"S9","N1","Greater than (&gt;)"
"S9","N1","Positive"
"S9","N1","Negative"
"S9","N1","Integers"
"S9","N1","Round"
"S9","N1","Estimate"
"S9","N1","Place value"
"S9","N1","Decimal place"
"S9","GM3","Perimeter"
"S9","GM3","Area"
"S9","GM3","Square units (mm2, cm2, m2, km2)"
"S9","GM3","Compound shape"
"S9","GM3","Perpendicular height"
"S9","GM1","Angles around a point"
"S9","GM1","Angles on a straight line"
"S9","GM1","Angles in a right angle"
"S9","GM1","Vertically opposite angles"
"S9","GM1","Parallel"
"S9","GM1","Corresponding angles"
"S9","GM1","Alternate angles"
"S9","GM1","Supplementary angles"
"S9","GM1","Polygon"
"S9","GM1","Regular"
"S9","GM1","Reflection symmetry"
"S9","GM1","Line symmetry"
"S9","GM1","Rotation symmetry"
"S9","GM1","Order"
"S9","GM1","Radius, radii"
"S9","GM1","Chord"
"S9","GM1","Inscribed regular polygon"
"S9","GM1","Interior angle"
"S9","GM1","Exterior angle"
"S9","GM1","Angle sum"
"S9","A1","Operation"
"S9","A1","Expression"
"S9","A1","Substitute"
"S9","A1","Expression"
"S9","A1","Like terms"
"S9","A1","Simplify"
"S9","A1","Expand the brackets"
"S9","A1","Product"
"S9","A1","Index notation"
"S7","N5","Numerator"
"S7","N5","Denominator"
"S7","N5","Improper fraction"
"S7","N5","Mixed number"
"S7","N5","Proportion "
"S7","N5","Ratio"
"S7","S2","Survey"
"S7","S2","Data collection sheet"
"S7","S2","Experiment"
"S7","S2","Outcome"
"S7","S2","Trial"
"S7","S2","Primary data"
"S7","S2","Secondary data"
"S7","S2","Experimental data"
"S7","S2","Outcome"
"S7","S2","Equally likely "
"S7","S2","Chance"
"S7","S2","Trial "
"S7","S2","Experiment"
"S7","S2","Probability"
"S7","S2","Percentage"
"S7","GM5","Rotate"
"S7","GM5","Order of rotational symmetry"
"S7","GM5","Reflection"
"S7","GM5","Line symmetry"
"S7","GM5","Problem solving "
"S7","GM5","Problem"
"S7","GM5","Explain"
"S7","S3","Bar chart"
"S7","S3","Pie chart"
"S7","S3","Proportion"
"S7","S3","Mean"
"S7","S3","Median"
"S7","S3","Mode"
"S7","S3","Range"
"S7","S3","Spread"
"S7","S3","Primary data"
"S7","S3","Secondary data"
"S7","S3","Questionnaire"
"S7","S3","Experiment"
"S7","S3","Organise"
"S7","S3","Present"
"S7","S3","Interpret"
"S7","N4","Fraction"
"S7","N4","Percentage"
"S7","N4","Mixed number"
"S7","N4","Denominator"
"S7","N4","Numerator"
"S7","N4","Equivalent fraction"
"S7","N4","Mixed number"
"S7","N4","Proportion"
"S7","N4","Ratio"
"S7","N4","Simplify"
"S7","GM4","Reflect"
"S7","GM4","Mirror line"
"S7","GM4","Image"
"S7","GM4","Reflection"
"S7","GM4","Translation"
"S7","GM4","Maps to"
"S7","GM4","Rotate"
"S7","GM4","Centre of rotation"
"S7","GM4","Angle of rotation"
"S7","GM4","Direction of rotation"
"S7","A4","Graph"
"S7","A4","Equation"
"S7","A4","Distance-time graph"
"S7","A4","Speed-time graph"
"S7","A3","Operation"
"S7","A3","Expression"
"S7","A3","Term"
"S7","A3","Like terms"
"S7","A3","Simplify"
"S7","A3","Equation"
"S7","A3","Solve"
"S7","A3","Solution"
"S7","A3","Function"
"S7","A3","Sequence "
"S7","A3","Term"
"S7","A3","Variable"
"S7","A3","Formula"
"S7","S1","Average"
"S7","S1","Data"
"S7","S1","Mode "
"S7","S1","Class"
"S7","S1","Frequency"
"S7","S1","Modal class"
"S7","S1","Median"
"S7","S1","Mean "
"S7","S1","Range"
"S7","S1","Event "
"S7","S1","Outcome"
"S7","S1","Impossible"
"S7","S1","Unlikely "
"S7","S1","Even chance "
"S7","S1","Likely "
"S7","S1","Certain"
"S7","S1","Probability "
"S7","S1","Chance"
"S7","S1","Probability scale"
"S7","S1","Pictogram"
"S7","S1","Key"
"S7","S1","Bar-line graph"
"S7","S1","Bar chart"
"S7","S1","Compound bar chart"
"S7","S1","Pie chart"
"S7","N3","Partition"
"S7","N3","Divisible"
"S7","N3","Multiple"
"S7","N3","Divisibility"
"S7","N3","Digit"
"S7","N3","Inverse operation"
"S7","N3","Remainder"
"S7","N3","Multiply"
"S7","N3","Divide"
"S7","N3","Product"
"S7","GM2","Degree"
"S7","GM2","Right angle"
"S7","GM2","Acute angle"
"S7","GM2","Obtuse angle"
"S7","GM2","Reflex angle"
"S7","GM2","Estimate"
"S7","GM2","Equilateral"
"S7","GM2","Isosceles"
"S7","GM2","Scalene"
"S7","GM2","Symmetrical"
"S7","GM2","Mirror line"
"S7","GM2","Line of symmetry"
"S7","GM2","Parallel"
"S7","GM2","Perpendicular"
"S7","GM2","Quadrilateral"
"S7","GM2","Rectangle"
"S7","GM2","Square"
"S7","GM2","Parallelogram"
"S7","GM2","Rhombus"
"S7","GM2","Trapezium"
"S7","GM2","Kite"
"S7","GM2","Coordinate"
"S7","GM2","x-axis, y-axis"
"S7","GM2","Quadrant"
"S7","GM2","Origin"
"S7","N2","Operation"
"S7","N2","Order of operations"
"S7","N2","Brackets"
"S7","N2","Numerator"
"S7","N2","Denominator"
"S7","N2","Equivalent fractions"
"S7","N2","Cancel"
"S7","N2","Lowest terms"
"S7","N2","Proper fraction"
"S7","N2","Improper fraction"
"S7","N2","Mixed number"
"S7","N2","Square"
"S7","N2","Square root"
"S7","N2","Square number"
"S7","N2","Approximately equal to ()"
"S7","N2","Estimate"
"S7","N2","Percent"
"S7","N2","Percentage"
"S7","A2","Symbol"
"S7","A2","Calculation"
"S7","A2","Expression"
"S7","A2","Input"
"S7","A2","Output"
"S7","A2","Function"
"S7","A2","Operation"
"S7","A2","Inverse operation"
"S7","N1","Units"
"S7","N1","Tens"
"S7","N1","Hundreds"
"S7","N1","Thousands"
"S7","N1","Ten thousands"
"S7","N1","Place value"
"S7","N1","Multiple"
"S7","N1","Factor"
"S7","N1","Prime number"
"S7","N1","Square number"
"S7","N1","Squared"
"S7","N1","Negative"
"S7","N1","Positive "
"S7","N1","Number line"
"S7","N1","Integer"
"S7","N1","Decimal"
"S7","N1","Tenth"
"S7","N1","Hundredth"
"S7","N1","Thousandth"
"S7","N1","Decimal"
"S7","N1","Decimal point"
"S7","N1","Compare"
"S7","N1","Rounding"
"S7","N1","Decimal place"
"S7","GM3","Length"
"S7","GM3","Millimetre (mm)"
"S7","GM3","Centimetre (cm) "
"S7","GM3","Metre (m)"
"S7","GM3","Estimate"
"S7","GM3","Mass"
"S7","GM3","Kilogram (kg)"
"S7","GM3","Gram (g)"
"S7","GM3","Capacity"
"S7","GM3","Litre"
"S7","GM3","Millilitre (ml)"
"S7","GM3","12-hour clock"
"S7","GM3","24-hour clock"
"S7","GM3","Cube"
"S7","GM3","Face "
"S7","GM3","Edge"
"S7","GM3","Vertex"
"S7","GM3","Net"
"S7","GM3","Cuboid"
"S7","GM3","Surface area"
"S7","GM3","Prism"
"S7","GM3","Cross section"
"S7","GM3","Pyramid"
"S7","GM3","Tetrahedron"
"S7","GM3","Acute-angled"
"S7","GM3","Right-angled"
"S7","GM3","Obtuse-angled"
"S7","GM3","Vertex"
"S7","GM3","Vertices"
"S7","GM3","Construct"
"S7","GM3","Sketch"
"S7","GM3","Construction lines"
"S7","GM3","Two-dimensional, 2-D"
"S7","GM3","Three-dimensional, 3-D"
"S7","GM1","Units of length (mm, cm, m)"
"S7","GM1","Perimeter"
"S7","GM1","Area"
"S7","GM1","Square units (mm2, cm2, m2, km2)"
"S7","GM1","Estimate"
"S7","A1","Sequence"
"S7","A1","Term"
"S7","A1","Increasing sequence"
"S7","A1","Decreasing sequence"
"S7","A1","Term-to-term rule"
"S7","A1","Function machine"
"S7","A1","Input "
"S7","A1","Output"
"S7","A1","Function"
"S7","A1","Maps to "
"S7","A1","Sequence"
"S7","A1","Terms"
"C9","S2","Sample size"
"C9","S2","Primary data"
"C9","S2","Secondary data"
"C9","S2","Data collection sheet"
"C9","S2","Questionnaire"
"C9","S2","Interpret"
"C9","S2","Bar chart"
"C9","S2","Pie chart"
"C9","S2","Stem and leaf diagram"
"C9","S2","Line graph"
"C9","S2","Scatter graph"
"C9","S2","Correlation"
"C9","S2","Line of best fit"
"C9","S3","Outcome"
"C9","S3","Event"
"C9","S3","Probability"
"C9","S3","Random"
"C9","S3","Fair"
"C9","S3","Mutually exclusive"
"C9","S3","Biased"
"C9","S3","Relative frequency"
"C9","S3","Theoretical probability"
"C9","S3","Event"
"C9","S3","Outcome"
"C9","S3","Experimental probability"
"C9","N4","Integer"
"C9","N4","Decimal"
"C9","N4","Estimate"
"C9","N4","Order of magnitude"
"C9","N4","Round"
"C9","N4","Currency"
"C9","N4","Decimal places"
"C9","GM4","Hypotenuse"
"C9","GM4","Pythagoras' theorem"
"C9","GM4","Prism"
"C9","GM4","Constant cross-section"
"C9","GM4","Cylinder"
"C9","GM4","Imperial units"
"C9","GM4","Density"
"C9","GM4","Speed"
"C9","A4","Term"
"C9","A4","Sequence"
"C9","A4","Term-to-term rule"
"C9","A4","Ascending sequence"
"C9","A4","Descending sequence"
"C9","A4","Linear sequence"
"C9","A4","Position-to-term rule"
"C9","A4","nth term"
"C9","A4","Distancetime graph"
"C9","A4","Constant speed"
"C9","A4","Linear relationship"
"C9","A4","Linear equation"
"C9","A4","Function"
"C9","A4","Gradient"
"C9","A4","y-intercept"
"C9","A4","Midpoint"
"C9","A3","Trial and improvement"
"C9","A3","Numerical method"
"C9","A3","Formula"
"C9","A3","Substitution"
"C9","A3","Subject"
"C9","A3","Linear function"
"C9","A3","Direct proportion"
"C9","A3","Linear graph"
"C9","A3","Linear equation"
"C9","S1","Primary data"
"C9","S1","Secondary data"
"C9","S1","Qualitative"
"C9","S1","Quantitative"
"C9","S1","Discrete"
"C9","S1","Continuous"
"C9","S1","Bias"
"C9","S1","Pilot study"
"C9","S1","Respondent"
"C9","S1","Census"
"C9","S1","Class intervals"
"C9","S1","Pie chart"
"C9","S1","Sector"
"C9","S1","Scatter graph"
"C9","S1","Correlation"
"C9","S1","Positive correlation"
"C9","S1","Line of best fit"
"C9","S1","Negative correlation"
"C9","S1","Line graph"
"C9","S1","Time series"
"C9","S1","Two-way table"
"C9","S1","Mean"
"C9","S1","Mode"
"C9","S1","Median"
"C9","S1","Range"
"C9","S1","Spread"
"C9","S1","Extreme"
"C9","S1","Skew"
"C9","S1","Estimate of the mean"
"C9","S1","Modal class"
"C9","S1","Estimate of the range"
"C9","N3","Common denominator"
"C9","N3","Percentage"
"C9","N3","Percentage increase"
"C9","N3","Percentage decrease"
"C9","N3","Percentage change"
"C9","N3","Square"
"C9","N3","Square root"
"C9","N3","Cube"
"C9","N3","Cube root"
"C9","N3","Fraction"
"C9","N3","Percentage"
"C9","N3","Ratio"
"C9","N3","Proportion"
"C9","N3","Unitary method"
"C9","N3","Scale"
"C9","GM2","Object"
"C9","GM2","Image"
"C9","GM2","Perpendicular"
"C9","GM2","Congruent"
"C9","GM2","Angle of elevation"
"C9","GM2","Enlargement"
"C9","GM2","Scale factor"
"C9","GM2","Centre of enlargement"
"C9","N2","Multiple"
"C9","N2","Factor"
"C9","N2","Prime number"
"C9","N2","Factor tree"
"C9","N2","Prime factor"
"C9","N2","Index, indices"
"C9","N2","Cube root"
"C9","N2","Inverse operation"
"C9","N2","Index laws, laws of indices"
"C9","N2","Highest common factor (HCF)"
"C9","N2","Lowest common multiple (LCM)"
"C9","N2","Cancel"
"C9","N2","Reciprocal"
"C9","N2","Mixed number"
"C9","N2","Improper fraction"
"C9","N2","Common denominator"
"C9","N2","Equivalent fraction"
"C9","N2","Terminating decimal"
"C9","N2","Recurring decimal"
"C9","A2","Equivalent fraction"
"C9","A2","Lowest common multiple (LCM)"
"C9","A2","Expand the brackets"
"C9","A2","Inverse operation"
"C9","N1","Power of 10"
"C9","N1","Index, indices"
"C9","N1","Less than or equal to ()"
"C9","N1","Greater than or equal to ()"
"C9","N1","Inverse operation"
"C9","N1","Rounding"
"C9","N1","Decimal places"
"C9","N1","Estimate"
"C9","GM3","Construct"
"C9","GM3","Perpendicular bisector"
"C9","GM3","Angle bisector"
"C9","GM3","Bisect"
"C9","GM3","Circumcircle"
"C9","GM3","Equidistant"
"C9","GM3","Perpendicular"
"C9","GM3","Midpoint"
"C9","GM3","Tetrahedron"
"C9","GM3","Plan"
"C9","GM3","Front elevation"
"C9","GM3","Side elevation"
"C9","GM3","Plane of symmetry"
"C9","GM3","Locus, loci"
"C9","GM3","Equidistant"
"C9","GM1","Polygon"
"C9","GM1","Regular"
"C9","GM1","Diagonal"
"C9","GM1","Vertex, vertices"
"C9","GM1","Interior angle"
"C9","GM1","Irregular"
"C9","GM1","Convex"
"C9","GM1","Concave"
"C9","GM1","Exterior angle"
"C9","GM1","Perimeter"
"C9","GM1","Area"
"C9","GM1","Radius, radii"
"C9","GM1","Diameter"
"C9","GM1","Chord"
"C9","GM1","Tangent"
"C9","GM1","Circumference"
"C9","GM1","Arc"
"C9","GM1","Sector"
"C9","GM1","Segment"
"C9","GM1","Circumscribed circle"
"C9","GM1","Inscribed circle"
"C9","GM1","Pi ()"
"C9","A1","Equation"
"C9","A1","Function"
"C9","A1","Variable"
"C9","A1","Formula, formulae"
"C9","A1","Identity"
"C9","A1","Identity symbol ()"
"C9","A1","Identically equal"
"C9","A1","Index notation"
"C9","A1","Index, indices"
"C9","A1","Power"
"C9","A1","Index law"
"C9","A1","Distributive law"
"C9","A1","Like terms"
"C9","A1","Expand"
"C9","A1","Factorise"
"C9","A1","Factor"
"S8","S2","Quantitative"
"S8","S2","Qualitative"
"S8","S2","Discrete"
"S8","S2","Continuous"
"S8","S2","Variable"
"S8","S2","Primary data"
"S8","S2","Secondary data"
"S8","S2","Population"
"S8","S2","Sample"
"S8","S2","Random sample"
"S8","S2","Grouped frequency table"
"S8","S2","Two-way table"
"S8","S2","Pie chart"
"S8","S2","Sector"
"S8","S2","Bar chart"
"S8","S2","Discrete"
"S8","S2","Frequency diagram"
"S8","S2","Continuous"
"S8","S2","Line graph"
"S8","S2","Scatter graph"
"S8","S2","Variable"
"S8","S2","Range"
"S8","S2","Mode"
"S8","S2","Mean"
"S8","S2","Median"
"S8","S2","Average"
"S8","S2","Bar chart"
"S8","S2","Stem and leaf diagram"
"S8","S2","Justify"
"S8","S2","Interpret"
"S8","S3","Continuous data"
"S8","S3","Class interval"
"S8","S3","Grouped frequency table"
"S8","S3","Modal group"
"S8","S3","Mode"
"S8","S3","Median"
"S8","S3","Mean"
"S8","S3","Range"
"S8","S3","Continuous data"
"S8","S3","Line graph"
"S8","S3","Range"
"S8","S3","Mean"
"S8","S3","Median"
"S8","S3","Mode"
"S8","S3","Frequency table"
"S8","N4","Operation"
"S8","N4","BIDMAS"
"S8","N4","Indices"
"S8","N4","Estimate"
"S8","N4","Approximate"
"S8","N4","Round"
"S8","N4","Check"
"S8","N4","Ratio"
"S8","N4","Direct proportion"
"S8","N4","Fraction"
"S8","N4","Ratio"
"S8","N4","Proportion"
"S8","N4","Simplify"
"S8","N4","Conversion graph"
"S8","N4","Distance-time graph"
"S8","N4","Constant speed"
"S8","N4","Horizontal"
"S8","GM4","Scale drawing"
"S8","GM4","Scale"
"S8","GM4","Ratio"
"S8","GM4","Three-figure bearing"
"S8","GM4","Clockwise"
"S8","GM4","North"
"S8","GM4","Locus, loci"
"S8","GM4","Line"
"S8","GM4","Region"
"S8","GM4","Construct"
"S8","A3","Function machine"
"S8","A3","Function"
"S8","A3","Input"
"S8","A3","Output"
"S8","A3","Algebra"
"S8","A3","Coordinates"
"S8","A3","Equation of a line"
"S8","A3","Vertical"
"S8","A3","Horizontal"
"S8","A3","Mapping"
"S8","A3","Maps to"
"S8","A3","Mapping diagra"
"S8","S1","Probability"
"S8","S1","Event"
"S8","S1","Certain"
"S8","S1","Likely"
"S8","S1","Even chance"
"S8","S1","Unlikely"
"S8","S1","Impossible"
"S8","S1","Probability scale"
"S8","S1","Random"
"S8","S1","Outcome"
"S8","S1","Equally likely"
"S8","S1","Fair"
"S8","S1","Theoretical probability"
"S8","S1","Experimental probability"
"S8","S1","Likelihood"
"S8","S1","Frequency"
"S8","S1","Systematic"
"S8","S1","Outcome"
"S8","S1","Event"
"S8","S1","Fair"
"S8","S1","Equally likely"
"S8","N3","Powers of 10"
"S8","N3","Equivalent"
"S8","N3","Round"
"S8","N3","Decimal place"
"S8","N3","Decimal"
"S8","N3","Partition"
"S8","N3","Partition"
"S8","N3","Factor"
"S8","N3","Multiple"
"S8","N3","Estimate"
"S8","N3","Square number"
"S8","N3","Square root"
"S8","N3","Improper fraction"
"S8","N3","Brackets"
"S8","N3","Units of time"
"S8","N3","Hours"
"S8","N3","Minutes"
"S8","GM2","Perimeter"
"S8","GM2","Area"
"S8","GM2","Square units"
"S8","GM2","Parallelogram"
"S8","GM2","Compound shape"
"S8","GM2","Net"
"S8","GM2","Surface area"
"S8","GM2","Face"
"S8","GM2","Two-dimensional (2-D) "
"S8","GM2","Three-dimensional (3-D)"
"S8","GM2","Isometric"
"S8","GM2","Volume"
"S8","GM2","Cubic units"
"S8","GM2","Cubic centimetre (cm3)"
"S8","GM2","Compound shape"
"S8","GM2","Plan"
"S8","GM2","Elevation"
"S8","N2","Numerator"
"S8","N2","Denominator"
"S8","N2","Equivalent fraction"
"S8","N2","Cancel"
"S8","N2","Simplest terms"
"S8","N2","Lowest terms"
"S8","N2","Common denominator"
"S8","N2","Percentage"
"S8","N2","Fraction"
"S8","N2","Lowest terms"
"S8","N2","Interest"
"S8","N2","Denominator"
"S8","N2","Numerator"
"S8","N2","Lowest terms"
"S8","N2","Common denominator"
"S8","N2","Product"
"S8","N2","Inverse"
"S8","N2","Convert"
"S8","N2","Fraction"
"S8","N2","Decimal"
"S8","N2","Percentage"
"S8","A2","Square number"
"S8","A2","Cube number"
"S8","A2","Power"
"S8","A2","Index, indices"
"S8","A2","BIDMAS"
"S8","A2","Substitute"
"S8","A2","Operation"
"S8","A2","Inverse operation"
"S8","A2","Equation"
"S8","A2","Solve"
"S8","A2","Solution"
"S8","A2","Substitute"
"S8","A2","Expression"
"S8","A2","Term"
"S8","A2","Like terms"
"S8","A2","Simplify"
"S8","A2","Collect like terms"
"S8","A2","Number line"
"S8","A2","Expanding the brackets"
"S8","A2","Variable"
"S8","A2","Formula, formulae"
"S8","A2","Word formula"
"S8","N1","Positive"
"S8","N1","Negative"
"S8","N1","Difference"
"S8","N1","Inverse"
"S8","N1","Divisible"
"S8","N1","Multiple"
"S8","N1","Lowest common multiple (LCM)"
"S8","N1","Factor"
"S8","N1","Common factor"
"S8","N1","Highest common factor (HCF)"
"S8","N1","Prime number"
"S8","N1","Square"
"S8","N1","Square root ()"
"S8","N1","Inverse"
"S8","N1","Power"
"S8","N1","Cubed"
"S8","GM3","Congruent"
"S8","GM3","Line symmetry"
"S8","GM3","Line of symmetry"
"S8","GM3","Rotational symmetry"
"S8","GM3","Order of rotational symmetry"
"S8","GM3","Enlargement"
"S8","GM3","Scale factor"
"S8","GM3","Centre of enlargement"
"S8","GM3","Transformation"
"S8","GM3","Object"
"S8","GM3","Image"
"S8","GM3","Reflection"
"S8","GM3","Mirror line"
"S8","GM3","Rotation"
"S8","GM3","Clockwise"
"S8","GM3","Anticlockwise"
"S8","GM3","Centre of rotation"
"S8","GM3","Translation"
"S8","GM3","Column vectors"
"S8","GM1","Angles around a point"
"S8","GM1","Angles on a straight line"
"S8","GM1","Vertically opposite angles"
"S8","GM1","Reflex angle"
"S8","GM1","Vertex, vertices"
"S8","GM1","Construction"
"S8","GM1","Construct"
"S8","GM1","Construction lines"
"S8","GM1","Parallel"
"S8","GM1","Perpendicular"
"S8","GM1","Vertex, vertices"
"S8","GM1","Quadrilateral"
"S8","GM1","Rectangle"
"S8","GM1","Square"
"S8","GM1","Parallelogram"
"S8","GM1","Rhombus"
"S8","GM1","Trapezium"
"S8","GM1","Isosceles trapezium"
"S8","GM1","Kite"
"S8","GM1","Arrowhead"
"S8","GM1","Coordinates"
"S8","GM1","Alternate angles"
"S8","GM1","Corresponding angles"
"S8","A1","Sequence"
"S8","A1","Term"
"S8","A1","Position"
"S8","A1","Term-to-term rule"
"S8","A1","Increasing sequence"
"S8","A1","Decreasing sequence"
"S8","A1","Function machine"
"S8","A1","Input"
"S8","A1","Output"
"S8","A1","Function"
"S8","A1","Sequence"
"S8","A1","Sequence table"
"S8","A1","Position-to-term rule"
"E9","S2","Modal class"
"E9","S2","Frequency polygon"
"E9","S2","Cumulative frequency"
"E9","S2","Cumulative frequency diagram"
"E9","S2","Lower quartile"
"E9","S2","Upper quartile"
"E9","S2","Interquartile range"
"E9","S2","Box plot"
"E9","S2","Bar chart"
"E9","S2","Frequency diagram"
"E9","S2","Dual bar chart"
"E9","S2","Pie chart"
"E9","S2","Stem and leaf diagram"
"E9","S2","Line graph"
"E9","S2","Scatter graph"
"E9","S2","Cumulative frequency diagram"
"E9","S2","Box plot"
"E9","S2","Correlation"
"E9","S2","Line of best fit"
"E9","S2","Hypothesis"
"E9","S2","Sample"
"E9","S2","Primary data"
"E9","S2","Secondary data"
"E9","S2","Discrete data"
"E9","S2","Continuous data"
"E9","S2","Data collection sheet"
"E9","S2","Questionnaire"
"E9","S3","Outcome"
"E9","S3","Probability"
"E9","S3","Event"
"E9","S3","Mutually exclusive events"
"E9","S3","Independent events"
"E9","S3","Tree diagram"
"E9","S3","Theoretical probability"
"E9","S3","Event"
"E9","S3","Outcome"
"E9","S3","Experimental probability"
"E9","S3","Relative frequency"
"E9","N4","Divisor"
"E9","N4","Remainder"
"E9","N4","Exchange rate"
"E9","GM4","Plan"
"E9","GM4","Front elevation"
"E9","GM4","Side elevation"
"E9","GM4","Right-angled triangle"
"E9","GM4","Hypotenuse"
"E9","GM4","Opposite"
"E9","GM4","Adjacent"
"E9","GM4","Trigonometric ratios"
"E9","GM4","Sine (sin)"
"E9","GM4","Cosine (cos)"
"E9","GM4","Tangent (tan)"
"E9","GM4","Prism"
"E9","GM4","Cross-section"
"E9","GM4","Cylinder"
"E9","GM4","Square units"
"E9","GM4","Cubic units"
"E9","GM4","Speed"
"E9","GM4","Density"
"E9","GM4","Compound units"
"E9","A4","Sequence"
"E9","A4","Term-to-term rule"
"E9","A4","Arithmetic sequence"
"E9","A4","Ascending sequence"
"E9","A4","Descending sequence"
"E9","A4","nth term"
"E9","A4","Position-to-term rule"
"E9","A4","nth term rule"
"E9","A4","Linear sequence"
"E9","A4","Quadratic sequence"
"E9","A4","Distancetime graph"
"E9","A4","Constant speed"
"E9","A4","Linear relationship"
"E9","A4","Linear equation"
"E9","A4","Acceleration"
"E9","A4","Deceleration"
"E9","A3","Variable"
"E9","A3","Solution"
"E9","A3","Trial and improvement"
"E9","A3","Formula, formulae"
"E9","A3","Substitution"
"E9","A3","Subject of the formula"
"E9","A3","Direct proportion "
"E9","A3","Unitary method"
"E9","A3","Linear function"
"E9","A3","Is proportional to"
"E9","A3","Constant of proportionality"
"E9","A3","Gradient"
"E9","A3","Ratio"
"E9","S1","Primary data"
"E9","S1","Secondary data"
"E9","S1","Qualitative"
"E9","S1","Quantitative"
"E9","S1","Discrete"
"E9","S1","Continuous"
"E9","S1","Sample"
"E9","S1","Bias"
"E9","S1","Pilot study"
"E9","S1","Respondent"
"E9","S1","Census"
"E9","S1","Class interval"
"E9","S1","Two-way table"
"E9","S1","Scatter graph"
"E9","S1","Correlation"
"E9","S1","Positive correlation"
"E9","S1","Line of best fit"
"E9","S1","Negative correlation"
"E9","S1","Weak"
"E9","S1","Strong"
"E9","S1","No correlation"
"E9","S1","Line graph"
"E9","S1","Stem and leaf diagram"
"E9","S1","Back-to-back stem and leaf diagram"
"E9","N3","Compound interest"
"E9","N3","Complement"
"E9","N3","Partitioning"
"E9","N3","Inverse operation"
"E9","N3","Square number"
"E9","N3","Square root"
"E9","N3","Cube number"
"E9","N3","Cube root"
"E9","N3","Estimate"
"E9","N3","Ratio"
"E9","N3","Proportion"
"E9","N3","Direct proportion"
"E9","N3","Unitary method"
"E9","N3","Inverse proportion"
"E9","GM2","Transformation"
"E9","GM2","Object"
"E9","GM2","Image"
"E9","GM2","Reflection"
"E9","GM2","Rotation"
"E9","GM2","Translation"
"E9","GM2","Congruent"
"E9","GM2","Enlargement"
"E9","GM2","Mirror line"
"E9","GM2","Line of reflection"
"E9","GM2","Perpendicular bisector"
"E9","GM2","Centre of rotation"
"E9","GM2","Vector"
"E9","GM2","Scale"
"E9","GM2","Ratio"
"E9","GM2","Scale drawing"
"E9","GM2","Square units"
"E9","GM2","Enlargement"
"E9","GM2","Scale factor"
"E9","GM2","Centre of enlargement"
"E9","N2","Factor"
"E9","N2","Multiple"
"E9","N2","Prime number"
"E9","N2","Index notation"
"E9","N2","Prime factor"
"E9","N2","Highest common factor (HCF)"
"E9","N2","Lowest common multiple (LCM)"
"E9","N2","Index laws"
"E9","N2","Negative power"
"E9","N2","Fractional power"
"E9","N2","Surd"
"E9","N2","Inverse operation"
"E9","N2","Reciprocal"
"E9","N2","Terminating decimal"
"E9","N2","Recurring decimal"
"E9","A2","Equivalent number fraction"
"E9","A2","Algebraic fraction"
"E9","A2","Lowest common multiple (LCM)"
"E9","A2","Inequality"
"E9","A2","Integer"
"E9","A2","Region"
"E9","A2","Linear equation"
"E9","A2","Simultaneous equation"
"E9","A2","Intersect"
"E9","A2","Coefficient"
"E9","N1","Powers of 10"
"E9","N1","Index, indices"
"E9","N1","Negative index"
"E9","N1","Standard form"
"E9","N1","Inverse operation"
"E9","N1","Reciprocal"
"E9","N1","Round"
"E9","N1","Decimal place"
"E9","N1","Significant figure"
"E9","N1","Estimate"
"E9","GM3","Construction"
"E9","GM3","Congruent"
"E9","GM3","Prove"
"E9","GM3","Right-angled triangle"
"E9","GM3","Hypotenuse"
"E9","GM3","Pythagoras theorem"
"E9","GM3","Locus, loci"
"E9","GM3","Perpendicular bisector"
"E9","GM3","Angle bisector"
"E9","GM1","Vertically opposite angles"
"E9","GM1","Alternate angles"
"E9","GM1","Corresponding angles"
"E9","GM1","Prove"
"E9","GM1","Polygon"
"E9","GM1","Regular polygon"
"E9","GM1","Interior angles"
"E9","GM1","Exterior angles"
"E9","GM1","Radius, radii"
"E9","GM1","Tangent"
"E9","GM1","Perimeter"
"E9","GM1","Area"
"E9","GM1","Compound shape"
"E9","GM1","Circumference"
"E9","GM1","Radius"
"E9","GM1","Diameter"
"E9","GM1","Chord"
"E9","GM1","Tangent"
"E9","GM1","Arc"
"E9","GM1","Pi"
"E9","GM1","Segment"
"E9","GM1","Sector"
"E9","A1","Equation"
"E9","A1","Function"
"E9","A1","Formula, formulae"
"E9","A1","Identity"
"E9","A1","Identically equal ()"
"E9","A1","Index notation"
"E9","A1","Index, indices"
"E9","A1","Power"
"E9","A1","Index laws"
"E9","A1","Reciprocal"
"E9","A1","Coefficient"
"E9","A1","Standard form"
"E9","A1","Expand"
"E9","A1","Distributive law"
"E9","A1","Factorise"
"E9","A1","Factor"
"E9","A1","Quadratic expression"
"E9","A1","Quadratic equation"
"E9","A1","Roots"
"C8","S2","Quantitative"
"C8","S2","Qualitative"
"C8","S2","Discrete"
"C8","S2","Continuous"
"C8","S2","Variable"
"C8","S2","Primary source"
"C8","S2","Secondary source"
"C8","S2","Population"
"C8","S2","Sample"
"C8","S2","Random sample"
"C8","S2","Grouped frequency table"
"C8","S2","Two-way table"
"C8","S2","Pie chart"
"C8","S2","Bar chart"
"C8","S2","Discrete"
"C8","S2","Frequency diagram"
"C8","S2","Continuous"
"C8","S2","Line graph"
"C8","S2","Scatter graph"
"C8","S2","Range"
"C8","S2","Mode"
"C8","S2","Mean"
"C8","S2","Median"
"C8","S2","Average"
"C8","S2","Bar chart"
"C8","S2","Stem and leaf diagram"
"C8","S2","Justify"
"C8","S2","Interpret"
"C8","S3","Continuous data"
"C8","S3","Class interval"
"C8","S3","Grouped frequency table"
"C8","S3","Mode"
"C8","S3","Median"
"C8","S3","Mean"
"C8","S3","Range"
"C8","S3","Continuous data"
"C8","S3","Line graph"
"C8","S3","Range"
"C8","S3","Mean"
"C8","S3","Median"
"C8","S3","Mode"
"C8","S3","Grouped data"
"C8","S3","Class interval"
"C8","S3","Mid-interval"
"C8","S3","Modal class"
"C8","N4","Operations"
"C8","N4","BIDMAS"
"C8","N4","Indices (powers)"
"C8","N4","Fraction"
"C8","N4","Ratio"
"C8","N4","Proportion"
"C8","N4","Simplify"
"C8","N4","Highest common factor"
"C8","N4","Scale"
"C8","N4","Unitary method"
"C8","N4","Estimate"
"C8","N4","Check"
"C8","N4","Ratio"
"C8","N4","Directly proportional"
"C8","N4","Linear"
"C8","GM4","Scale drawing"
"C8","GM4","Ratio"
"C8","GM4","Locus, loci"
"C8","GM4","Region"
"C8","GM4","Equidistant"
"C8","GM4","Triangle"
"C8","GM4","Construct"
"C8","GM4","Bearings"
"C8","GM4","Three-figure bearings"
"C8","A4","Simplify"
"C8","A4","Collect like terms"
"C8","A4","Distancetime graph"
"C8","A4","Constant speed"
"C8","A4","Interpret"
"C8","A3","Input"
"C8","A3","Output"
"C8","A3","Function machine"
"C8","A3","x-coordinate"
"C8","A3","y-coordinate"
"C8","A3","Linear"
"C8","A3","y-intercept"
"C8","A3","Gradient"
"C8","A3","Function machine"
"C8","A3","Mapping"
"C8","A3","Mapping diagram"
"C8","S1","Random"
"C8","S1","Outcome"
"C8","S1","Probability"
"C8","S1","Event"
"C8","S1","Even chance"
"C8","S1","Equally likely"
"C8","S1","Biased"
"C8","S1","Experimental probability"
"C8","S1","Relative frequency"
"C8","S1","Theoretical probability"
"C8","S1","Probability"
"C8","S1","Sample space"
"C8","S1","Sample space diagram"
"C8","N3","Powers of 10"
"C8","N3","Equivalent"
"C8","N3","Rounding"
"C8","N3","Decimal places"
"C8","N3","Remainder"
"C8","N3","Improper fraction"
"C8","N3","Square number"
"C8","N3","Estimate"
"C8","N3","Square root"
"C8","N3","Brackets"
"C8","N3","Units of time"
"C8","N3","Hours"
"C8","N3","Minutes"
"C8","GM2","Area"
"C8","GM2","Compound shape"
"C8","GM2","Plan"
"C8","GM2","Elevation"
"C8","GM2","Net"
"C8","GM2","Volume"
"C8","GM2","Cubic centimetre (cm3)"
"C8","GM2","Cubic metre (m3)"
"C8","GM2","Cubic millimetre (mm3)"
"C8","GM2","Surface area"
"C8","GM2","Metric units"
"C8","GM2","Length"
"C8","GM2","Mass"
"C8","GM2","Tonne"
"C8","GM2","Area"
"C8","GM2","Hectare (ha)"
"C8","GM2","Capacity "
"C8","GM2","Volume"
"C8","GM2","Imperial units"
"C8","GM2","Mile"
"C8","GM2","Yard"
"C8","GM2","Foot "
"C8","GM2","Inch"
"C8","GM2","Pound (lb)"
"C8","GM2","Ounce (oz)"
"C8","GM2","Gallon"
"C8","GM2","Pint"
"C8","N2","Lowest terms"
"C8","N2","Equivalent fraction"
"C8","N2","Terminating decimal"
"C8","N2","Recurring decimal"
"C8","N2","Common denominator"
"C8","N2","Percentage"
"C8","N2","Interest"
"C8","N2","Denominator"
"C8","N2","Numerator"
"C8","N2","Common denominator"
"C8","N2","Convert"
"C8","N2","Value added tax (VAT)"
"C8","A2","BIDMAS"
"C8","A2","Simplify"
"C8","A2","Like terms"
"C8","A2","Expand"
"C8","A2","Formula"
"C8","A2","Variables"
"C8","A2","Substitute"
"C8","A2","Substitution"
"C8","A2","Equation"
"C8","A2","Solve"
"C8","A2","Rearrange"
"C8","A2","Inverse operation "
"C8","A2","Eliminate"
"C8","N1","Positive"
"C8","N1","Negative"
"C8","N1","Inverse"
"C8","N1","Multiples"
"C8","N1","Lowest common multiple (LCM)"
"C8","N1","Factors"
"C8","N1","Highest common factor (HCF)"
"C8","N1","Prime number"
"C8","N1","Factor tree"
"C8","N1","Prime factor"
"C8","N1","Square"
"C8","N1","Square root ()"
"C8","N1","Inverse"
"C8","N1","Power"
"C8","N1","Cubed"
"C8","N1","Cube number"
"C8","N1","Cube root (3)"
"C8","GM3","Congruent"
"C8","GM3","Enlargement"
"C8","GM3","Transformation"
"C8","GM3","Centre of enlargement"
"C8","GM3","Scale factor"
"C8","GM3","Transformation"
"C8","GM3","Object"
"C8","GM3","Image"
"C8","GM3","Reflection"
"C8","GM3","Mirror line"
"C8","GM3","Axis of reflection"
"C8","GM3","Rotation"
"C8","GM3","Centre of rotation"
"C8","GM3","Translation"
"C8","GM3","Vector"
"C8","GM3","Equivalent transformation"
"C8","GM3","Reflection symmetry"
"C8","GM3","Line of symmetry"
"C8","GM3","Rotation symmetry"
"C8","GM3","Order of rotation symmetry"
"C8","GM1","Angles on a straight line"
"C8","GM1","Complementary angles"
"C8","GM1","Supplementary angles"
"C8","GM1","Intersect"
"C8","GM1","Vertically opposite angles"
"C8","GM1","Transversal "
"C8","GM1","Alternate angles"
"C8","GM1","Corresponding angles"
"C8","GM1","Exterior angles"
"C8","GM1","Interior opposite angles"
"C8","GM1","Perpendicular bisector"
"C8","GM1","Construct"
"C8","GM1","Equidistant"
"C8","GM1","Bisector of an angle"
"C8","GM1","Perpendicular"
"C8","GM1","Polygon"
"C8","GM1","Classify"
"C8","GM1","Line segment"
"C8","GM1","Midpoint"
"C8","A1","Sequence"
"C8","A1","Term"
"C8","A1","Position "
"C8","A1","Term-to-term rule"
"C8","A1","Arithmetic sequence"
"C8","A1","Position-to-term rule"
"C8","A1","nth term"
